Zone;Année;Valeur
Afghanistan;2013;32269.589
Afghanistan;2014;33370.794
Afghanistan;2015;34413.603
Afghanistan;2016;35383.032
Afghanistan;2017;36296.113
Afghanistan;2018;37171.921
Afrique du Sud;2013;53687.121
Afrique du Sud;2014;54544.186
Afrique du Sud;2015;55386.367
Afrique du Sud;2016;56207.646
Afrique du Sud;2017;57009.756
Afrique du Sud;2018;57792.518
Albanie;2013;2903.79
Albanie;2014;2896.305
Albanie;2015;2890.513
Albanie;2016;2886.438
Albanie;2017;2884.169
Albanie;2018;2882.74
Algérie;2013;38140.133
Algérie;2014;38923.692
Algérie;2015;39728.025
Algérie;2016;40551.392
Algérie;2017;41389.189
Algérie;2018;42228.408
Allemagne;2013;81174.367
Allemagne;2014;81450.378
Allemagne;2015;81787.411
Allemagne;2016;82193.768
Allemagne;2017;82658.409
Allemagne;2018;83124.418
Andorre;2013;80.774
Andorre;2014;79.213
Andorre;2015;78.011
Andorre;2016;77.297
Andorre;2017;77.001
Andorre;2018;77.006
Angola;2013;26015.781
Angola;2014;26941.779
Angola;2015;27884.381
Angola;2016;28842.489
Angola;2017;29816.766
Angola;2018;30809.787
Anguilla;2013;13.954
Anguilla;2014;14.112
Anguilla;2015;14.279
Anguilla;2016;14.429
Anguilla;2017;14.584
Anguilla;2018;14.731
Antigua-et-Barbuda;2013;91.516
Antigua-et-Barbuda;2014;92.562
Antigua-et-Barbuda;2015;93.566
Antigua-et-Barbuda;2016;94.527
Antigua-et-Barbuda;2017;95.426
Antigua-et-Barbuda;2018;96.286
Antilles néerlandaises (ex);2013;263.872
Antilles néerlandaises (ex);2014;267.006
Antilles néerlandaises (ex);2015;269.936
Antilles néerlandaises (ex);2016;272.693
Antilles néerlandaises (ex);2017;275.186
Antilles néerlandaises (ex);2018;277.483
Arabie saoudite;2013;30052.059
Arabie saoudite;2014;30916.597
Arabie saoudite;2015;31717.667
Arabie saoudite;2016;32443.447
Arabie saoudite;2017;33101.179
Arabie saoudite;2018;33702.756
Argentine;2013;42196.03
Argentine;2014;42637.511
Argentine;2015;43075.416
Argentine;2016;43508.46
Argentine;2017;43937.14
Argentine;2018;44361.15
Arménie;2013;2897.588
Arménie;2014;2912.409
Arménie;2015;2925.553
Arménie;2016;2936.143
Arménie;2017;2944.791
Arménie;2018;2951.745
Aruba;2013;103.159
Aruba;2014;103.774
Aruba;2015;104.341
Aruba;2016;104.872
Aruba;2017;105.366
Aruba;2018;105.845
Australie;2013;23254.913
Australie;2014;23596.424
Australie;2015;23932.502
Australie;2016;24262.712
Australie;2017;24584.62
Australie;2018;24898.152
Autriche;2013;8556.189
Autriche;2014;8615.214
Autriche;2015;8678.66
Autriche;2016;8747.301
Autriche;2017;8819.901
Autriche;2018;8891.388
Azerbaïdjan;2013;9385.468
Azerbaïdjan;2014;9505.622
Azerbaïdjan;2015;9622.745
Azerbaïdjan;2016;9736.043
Azerbaïdjan;2017;9845.32
Azerbaïdjan;2018;9949.537
Bahamas;2013;367.169
Bahamas;2014;370.633
Bahamas;2015;374.206
Bahamas;2016;377.93
Bahamas;2017;381.755
Bahamas;2018;385.637
Bahreïn;2013;1315.028
Bahreïn;2014;1336.075
Bahreïn;2015;1371.851
Bahreïn;2016;1425.792
Bahreïn;2017;1494.076
Bahreïn;2018;1569.446
Bangladesh;2013;152761.418
Bangladesh;2014;154517.382
Bangladesh;2015;156256.276
Bangladesh;2016;157977.153
Bangladesh;2017;159685.424
Bangladesh;2018;161376.708
Barbade;2013;284.296
Barbade;2014;284.826
Barbade;2015;285.324
Barbade;2016;285.796
Barbade;2017;286.232
Barbade;2018;286.641
Bélarus;2013;9423.506
Bélarus;2014;9431.735
Bélarus;2015;9439.423
Bélarus;2016;9445.643
Bélarus;2017;9450.231
Bélarus;2018;9452.617
Belgique;2013;11154.009
Belgique;2014;11221.231
Belgique;2015;11287.94
Belgique;2016;11354.42
Belgique;2017;11419.748
Belgique;2018;11482.178
Belize;2013;345.715
Belize;2014;353.366
Belize;2015;360.933
Belize;2016;368.4
Belize;2017;375.769
Belize;2018;383.071
Bénin;2013;10004.591
Bénin;2014;10286.844
Bénin;2015;10575.952
Bénin;2016;10872.063
Bénin;2017;11175.198
Bénin;2018;11485.044
Bermudes;2013;64.386
Bermudes;2014;64.033
Bermudes;2015;63.692
Bermudes;2016;63.362
Bermudes;2017;63.049
Bermudes;2018;62.756
Bhoutan;2013;710.237
Bhoutan;2014;719.055
Bhoutan;2015;727.876
Bhoutan;2016;736.708
Bhoutan;2017;745.563
Bhoutan;2018;754.388
Bolivie (État plurinational de);2013;10542.377
Bolivie (État plurinational de);2014;10706.517
Bolivie (État plurinational de);2015;10869.73
Bolivie (État plurinational de);2016;11031.814
Bolivie (État plurinational de);2017;11192.855
Bolivie (État plurinational de);2018;11353.142
Bonaire Saint-Eustache et Saba;2013;23.505
Bonaire Saint-Eustache et Saba;2014;24.07
Bonaire Saint-Eustache et Saba;2015;24.57
Bonaire Saint-Eustache et Saba;2016;25.02
Bonaire Saint-Eustache et Saba;2017;25.401
Bonaire Saint-Eustache et Saba;2018;25.711
Bosnie-Herzégovine;3542.606;
Bosnie-Herzégovine;3482.105;
Bosnie-Herzégovine;3429.361;
Bosnie-Herzégovine;3386.266;
Bosnie-Herzégovine;3351.525;
Bosnie-Herzégovine;3323.925;
Botswana;2062.548;
Botswana;2088.618;
Botswana;2120.716;
Botswana;2159.927;
Botswana;2205.08;
Botswana;2254.068;
Brésil;201035.912;
Brésil;202763.739;
Brésil;204471.769;
Brésil;206163.053;
Brésil;207833.823;
Brésil;209469.323;
Brunéi Darussalam;404.421;
Brunéi Darussalam;409.769;
Brunéi Darussalam;414.907;
Brunéi Darussalam;419.8;
Brunéi Darussalam;424.473;
Brunéi Darussalam;428.963;
Bulgarie;7290.088;
Bulgarie;7245.646;
Bulgarie;7199.741;
Bulgarie;7151.953;
Bulgarie;7102.444;
Bulgarie;7051.608;
Burkina Faso;17072.785;
Burkina Faso;17586.03;
Burkina Faso;18110.624;
Burkina Faso;18646.357;
Burkina Faso;19193.234;
Burkina Faso;19751.466;
Burundi;9540.291;
Burundi;9844.299;
Burundi;10160.03;
Burundi;10487.995;
Burundi;10827.019;
Burundi;11175.374;
Cabo Verde;511.748;
Cabo Verde;518.271;
Cabo Verde;524.743;
Cabo Verde;531.146;
Cabo Verde;537.498;
Cabo Verde;543.767;
Cambodge;15026.332;
Cambodge;15274.503;
Cambodge;15521.436;
Cambodge;15766.292;
Cambodge;16009.409;
Cambodge;16249.792;
Cameroun;22077.294;
Cameroun;22681.852;
Cameroun;23298.368;
Cameroun;23926.551;
Cameroun;24566.073;
Cameroun;25216.267;
Canada;35296.528;
Canada;35664.337;
Canada;36026.676;
Canada;36382.944;
Canada;36732.095;
Canada;37074.562;
Chili;17571.507;
Chili;17758.959;
Chili;17969.353;
Chili;18209.068;
Chili;18470.439;
Chili;18729.16;
Chine - RAS de Hong-Kong;7088.778;
Chine - RAS de Hong-Kong;7134.67;
Chine - RAS de Hong-Kong;7185.996;
Chine - RAS de Hong-Kong;7243.542;
Chine - RAS de Hong-Kong;7306.322;
Chine - RAS de Hong-Kong;7371.73;
Chine - RAS de Macao;577.372;
Chine - RAS de Macao;590.208;
Chine - RAS de Macao;602.085;
Chine - RAS de Macao;612.836;
Chine - RAS de Macao;622.585;
Chine - RAS de Macao;631.636;
Chine continentale;2013;1391883.33
Chine continentale;2014;1399453.965
Chine continentale;2015;1406847.87
Chine continentale;2016;1414049.351
Chine continentale;2017;1421021.791
Chine continentale;2018;1427647.786
Taiwan Province de Chine;2013;23421.582
Taiwan Province de Chine;2014;23491.976
Taiwan Province de Chine;2015;23557.477
Taiwan Province de Chine;2016;23618.2
Taiwan Province de Chine;2017;23674.546
Taiwan Province de Chine;2018;23726.46
Chypre;1143.866;
Chypre;1152.285;
Chypre;1160.985;
Chypre;1170.187;
Chypre;1179.678;
Chypre;1189.265;
Colombie;46495.493;
Colombie;46967.696;
Colombie;47520.667;
Colombie;48175.052;
Colombie;48909.839;
Colombie;49661.048;
Comores;741.505;
Comores;759.39;
Comores;777.424;
Comores;795.592;
Comores;813.892;
Comores;832.322;
Congo;4622.762;
Congo;4736.976;
Congo;4856.095;
Congo;4980.996;
Congo;5110.695;
Congo;5244.359;
Costa Rica;4742.107;
Costa Rica;4795.396;
Costa Rica;4847.804;
Costa Rica;4899.345;
Costa Rica;4949.954;
Costa Rica;4999.441;
Côte d'Ivoire;22087.504;
Côte d'Ivoire;22647.684;
Côte d'Ivoire;23226.143;
Côte d'Ivoire;23822.714;
Côte d'Ivoire;24437.47;
Côte d'Ivoire;25069.23;
Croatie;4276.598;
Croatie;4255.512;
Croatie;4232.874;
Croatie;4208.602;
Croatie;4182.857;
Croatie;4156.405;
Cuba;11282.723;
Cuba;11306.904;
Cuba;11324.781;
Cuba;11335.104;
Cuba;11339.254;
Cuba;11338.134;
Curaçao;156.794;
Curaçao;158.422;
Curaçao;159.847;
Curaçao;161.052;
Curaçao;161.997;
Curaçao;162.752;
Danemark;5638.145;
Danemark;5664.196;
Danemark;5688.695;
Danemark;5711.349;
Danemark;5732.274;
Danemark;5752.126;
Djibouti;883.293;
Djibouti;898.695;
Djibouti;913.993;
Djibouti;929.112;
Djibouti;944.099;
Djibouti;958.923;
Dominique;71.016;
Dominique;71.085;
Dominique;71.183;
Dominique;71.307;
Dominique;71.458;
Dominique;71.625;
Égypte;88404.646;
Égypte;90424.656;
Égypte;92442.547;
Égypte;94447.073;
Égypte;96442.591;
Égypte;98423.598;
El Salvador;6266.07;
El Salvador;6295.128;
El Salvador;6325.124;
El Salvador;6356.143;
El Salvador;6388.126;
El Salvador;6420.746;
Émirats arabes unis;9197.91;
Émirats arabes unis;9214.175;
Émirats arabes unis;9262.9;
Émirats arabes unis;9360.98;
Émirats arabes unis;9487.203;
Émirats arabes unis;9630.959;
Équateur;15707.474;
Équateur;15951.84;
Équateur;16212.02;
Équateur;16491.116;
Équateur;16785.361;
Équateur;17084.358;
Érythrée;3281.449;
Érythrée;3311.449;
Érythrée;3342.818;
Érythrée;3376.557;
Érythrée;3412.893;
Érythrée;3452.786;
Espagne;46930.555;
Espagne;46777.925;
Espagne;46671.926;
Espagne;46634.14;
Espagne;46647.428;
Espagne;46692.858;
Estonie;1319.062;
Estonie;1316.277;
Estonie;1315.325;
Estonie;1316.51;
Estonie;1319.39;
Estonie;1322.92;
Eswatini;1086.843;
Eswatini;1095.019;
Eswatini;1104.044;
Eswatini;1113.997;
Eswatini;1124.805;
Eswatini;1136.281;
États-Unis d'Amérique;316400.538;
États-Unis d'Amérique;318673.411;
États-Unis d'Amérique;320878.31;
États-Unis d'Amérique;323015.995;
États-Unis d'Amérique;325084.756;
États-Unis d'Amérique;327096.265;
Éthiopie;95385.798;
Éthiopie;98094.265;
Éthiopie;100835.458;
Éthiopie;103603.462;
Éthiopie;106399.924;
Éthiopie;109224.414;
Fédération de Russie;144325.449;
Fédération de Russie;144664.841;
Fédération de Russie;144985.057;
Fédération de Russie;145275.383;
Fédération de Russie;145530.082;
Fédération de Russie;145734.038;
Fidji;865.608;
Fidji;866.453;
Fidji;868.627;
Fidji;872.399;
Fidji;877.459;
Fidji;883.483;
Finlande;5438.982;
Finlande;5461.411;
Finlande;5481.122;
Finlande;5497.713;
Finlande;5511.371;
Finlande;5522.576;
France;63893.525;
France;64193.55;
France;64453.2;
France;64667.596;
France;64842.509;
France;64990.511;
Gabon;1817.071;
Gabon;1883.8;
Gabon;1947.686;
Gabon;2007.873;
Gabon;2064.823;
Gabon;2119.275;
Gambie;1963.712;
Gambie;2024.042;
Gambie;2085.86;
Gambie;2149.136;
Gambie;2213.889;
Gambie;2280.094;
Géorgie;4048.701;
Géorgie;4035.311;
Géorgie;4024.183;
Géorgie;4015.45;
Géorgie;4008.716;
Géorgie;4002.942;
Ghana;26607.645;
Ghana;27224.473;
Ghana;27849.205;
Ghana;28481.945;
Ghana;29121.465;
Ghana;29767.102;
Gibraltar;33.692;
Gibraltar;33.725;
Gibraltar;33.736;
Gibraltar;33.737;
Gibraltar;33.728;
Gibraltar;33.718;
Grèce;10740.5;
Grèce;10701.456;
Grèce;10659.75;
Grèce;10615.185;
Grèce;10569.45;
Grèce;10522.246;
Grenade;108.17;
Grenade;108.902;
Grenade;109.599;
Grenade;110.261;
Grenade;110.874;
Grenade;111.454;
Groenland;56.414;
Groenland;56.381;
Groenland;56.377;
Groenland;56.412;
Groenland;56.481;
Groenland;56.564;
Guadeloupe;402.829;
Guadeloupe;401.314;
Guadeloupe;400.255;
Guadeloupe;399.763;
Guadeloupe;399.672;
Guadeloupe;399.848;
Guam;160.407;
Guam;161.016;
Guam;161.853;
Guam;162.951;
Guam;164.281;
Guam;165.768;
Guatemala;15595.816;
Guatemala;15923.236;
Guatemala;16252.429;
Guatemala;16583.076;
Guatemala;16914.97;
Guatemala;17247.849;
Guinée;10892.817;
Guinée;11150.982;
Guinée;11432.088;
Guinée;11738.429;
Guinée;12067.519;
Guinée;12414.293;
Guinée équatoriale;1076.413;
Guinée équatoriale;1122.277;
Guinée équatoriale;1168.568;
Guinée équatoriale;1215.18;
Guinée équatoriale;1262.002;
Guinée équatoriale;1308.975;
Guinée-Bissau;1648.255;
Guinée-Bissau;1692.437;
Guinée-Bissau;1737.202;
Guinée-Bissau;1782.438;
Guinée-Bissau;1828.145;
Guinée-Bissau;1874.303;
Guyana;759.285;
Guyana;763.38;
Guyana;767.432;
Guyana;771.368;
Guyana;775.222;
Guyana;779.006;
Guyane française;249.054;
Guyane française;254.773;
Guyane française;260.999;
Guyane française;267.821;
Guyane française;275.191;
Guyane française;282.938;
Haïti;10400.675;
Haïti;10549.009;
Haïti;10695.542;
Haïti;10839.97;
Haïti;10982.366;
Haïti;11123.178;
Honduras;8798.521;
Honduras;8955.589;
Honduras;9112.916;
Honduras;9270.795;
Honduras;9429.013;
Honduras;9587.522;
Hongrie;9833.923;
Hongrie;9804.991;
Hongrie;9777.923;
Hongrie;9752.975;
Hongrie;9729.823;
Hongrie;9707.499;
Île de Man;83.976;
Île de Man;83.488;
Île de Man;83.234;
Île de Man;83.287;
Île de Man;83.598;
Île de Man;84.077;
Îles Anglo-Normandes;163.038;
Îles Anglo-Normandes;164.1;
Îles Anglo-Normandes;165.385;
Îles Anglo-Normandes;166.923;
Îles Anglo-Normandes;168.665;
Îles Anglo-Normandes;170.499;
Îles Caïmanes;59.932;
Îles Caïmanes;60.848;
Îles Caïmanes;61.724;
Îles Caïmanes;62.569;
Îles Caïmanes;63.382;
Îles Caïmanes;64.174;
Îles Cook;17.833;
Îles Cook;17.691;
Îles Cook;17.586;
Îles Cook;17.524;
Îles Cook;17.507;
Îles Cook;17.518;
Îles Falkland (Malvinas);2.794;
Îles Falkland (Malvinas);2.792;
Îles Falkland (Malvinas);2.834;
Îles Falkland (Malvinas);2.928;
Îles Falkland (Malvinas);3.068;
Îles Falkland (Malvinas);3.234;
Îles Féroé;47.892;
Îles Féroé;47.96;
Îles Féroé;48.051;
Îles Féroé;48.173;
Îles Féroé;48.331;
Îles Féroé;48.497;
Îles Mariannes du Nord;54.784;
Îles Mariannes du Nord;55.305;
Îles Mariannes du Nord;55.78;
Îles Mariannes du Nord;56.188;
Îles Mariannes du Nord;56.562;
Îles Mariannes du Nord;56.882;
Îles Marshall;56.938;
Îles Marshall;57.179;
Îles Marshall;57.439;
Îles Marshall;57.735;
Îles Marshall;58.058;
Îles Marshall;58.413;
Îles Salomon;571.336;
Îles Salomon;587.079;
Îles Salomon;603.118;
Îles Salomon;619.438;
Îles Salomon;636.039;
Îles Salomon;652.857;
Îles Turques-et-Caïques;34.731;
Îles Turques-et-Caïques;35.369;
Îles Turques-et-Caïques;35.981;
Îles Turques-et-Caïques;36.559;
Îles Turques-et-Caïques;37.115;
Îles Turques-et-Caïques;37.665;
Îles Vierges américaines;105.303;
Îles Vierges américaines;105.114;
Îles Vierges américaines;104.958;
Îles Vierges américaines;104.835;
Îles Vierges américaines;104.751;
Îles Vierges américaines;104.68;
Îles Vierges britanniques;28.847;
Îles Vierges britanniques;28.989;
Îles Vierges britanniques;29.152;
Îles Vierges britanniques;29.355;
Îles Vierges britanniques;29.577;
Îles Vierges britanniques;29.802;
Îles Wallis-et-Futuna;12.356;
Îles Wallis-et-Futuna;12.34;
Îles Wallis-et-Futuna;12.266;
Îles Wallis-et-Futuna;12.107;
Îles Wallis-et-Futuna;11.9;
Îles Wallis-et-Futuna;11.661;
Inde;1280842.125;
Inde;1295600.772;
Inde;1310152.403;
Inde;1324517.249;
Inde;1338676.785;
Inde;1352642.28;
Indonésie;251805.307;
Indonésie;255128.076;
Indonésie;258383.256;
Indonésie;261556.381;
Indonésie;264650.963;
Indonésie;267670.543;
Iran (République islamique d');76481.961;
Iran (République islamique d');77465.77;
Iran (République islamique d');78492.215;
Iran (République islamique d');79563.989;
Iran (République islamique d');80673.883;
Iran (République islamique d');81800.188;
Iraq;33157.05;
Iraq;34411.951;
Iraq;35572.261;
Iraq;36610.632;
Iraq;37552.781;
Iraq;38433.6;
Irlande;4615.422;
Irlande;4626.844;
Irlande;4652.425;
Irlande;4695.779;
Irlande;4753.279;
Irlande;4818.69;
Islande;327.187;
Islande;328.594;
Islande;330.243;
Islande;332.206;
Islande;334.393;
Islande;336.713;
Israël;7734.841;
Israël;7854.213;
Israël;7978.49;
Israël;8108.985;
Israël;8243.848;
Israël;8381.516;
Italie;60166.83;
Italie;60409.62;
Italie;60578.494;
Italie;60663.06;
Italie;60673.701;
Italie;60627.291;
Jamaïque;2858.712;
Jamaïque;2875.139;
Jamaïque;2891.021;
Jamaïque;2906.236;
Jamaïque;2920.848;
Jamaïque;2934.847;
Japon;128314.195;
Japon;128168.639;
Japon;127985.133;
Japon;127763.265;
Japon;127502.725;
Japon;127202.192;
Jordanie;8518.983;
Jordanie;8918.828;
Jordanie;9266.575;
Jordanie;9554.286;
Jordanie;9785.843;
Jordanie;9965.318;
Kazakhstan;17026.117;
Kazakhstan;17302.615;
Kazakhstan;17572.016;
Kazakhstan;17830.901;
Kazakhstan;18080.019;
Kazakhstan;18319.618;
Kenya;45519.981;
Kenya;46700.055;
Kenya;47878.336;
Kenya;49051.534;
Kenya;50221.142;
Kenya;51392.565;
Kirghizistan;5731.303;
Kirghizistan;5844.532;
Kirghizistan;5959.121;
Kirghizistan;6074.33;
Kirghizistan;6189.733;
Kirghizistan;6304.03;
Kiribati;107.89;
Kiribati;109.391;
Kiribati;110.93;
Kiribati;112.524;
Kiribati;114.158;
Kiribati;115.847;
Koweït;3526.376;
Koweït;3690.941;
Koweït;3835.591;
Koweït;3956.875;
Koweït;4056.099;
Koweït;4137.312;
Lesotho;2028.53;
Lesotho;2043.445;
Lesotho;2059.021;
Lesotho;2075.03;
Lesotho;2091.534;
Lesotho;2108.328;
Lettonie;2044.957;
Lettonie;2021.219;
Lettonie;1997.674;
Lettonie;1974.266;
Lettonie;1951.097;
Lettonie;1928.459;
Liban;5913.022;
Liban;6261.044;
Liban;6532.678;
Liban;6714.281;
Liban;6819.373;
Liban;6859.408;
Libéria;4248.334;
Libéria;4359.506;
Libéria;4472.23;
Libéria;4586.787;
Libéria;4702.226;
Libéria;4818.973;
Libye;6320.36;
Libye;6362.037;
Libye;6418.315;
Libye;6492.162;
Libye;6580.724;
Libye;6678.559;
Liechtenstein;36.934;
Liechtenstein;37.223;
Liechtenstein;37.47;
Liechtenstein;37.658;
Liechtenstein;37.8;
Liechtenstein;37.91;
Lituanie;3008.934;
Lituanie;2971.497;
Lituanie;2931.88;
Lituanie;2889.557;
Lituanie;2845.414;
Lituanie;2801.264;
Luxembourg;542.56;
Luxembourg;554.516;
Luxembourg;566.741;
Luxembourg;579.264;
Luxembourg;591.91;
Luxembourg;604.245;
Macédoine du Nord;2076.067;
Macédoine du Nord;2077.775;
Macédoine du Nord;2079.328;
Macédoine du Nord;2080.743;
Macédoine du Nord;2081.996;
Macédoine du Nord;2082.957;
Madagascar;22961.255;
Madagascar;23589.888;
Madagascar;24234.088;
Madagascar;24894.37;
Madagascar;25570.512;
Madagascar;26262.313;
Malaisie;29468.923;
Malaisie;29866.603;
Malaisie;30270.962;
Malaisie;30684.654;
Malaisie;31104.646;
Malaisie;31528.033;
Malawi;15839.286;
Malawi;16289.552;
Malawi;16745.303;
Malawi;17205.261;
Malawi;17670.196;
Malawi;18143.217;
Maldives;415.593;
Maldives;435.015;
Maldives;454.915;
Maldives;475.512;
Maldives;496.402;
Maldives;515.696;
Mali;16449.854;
Mali;16934.214;
Mali;17438.778;
Mali;17965.443;
Mali;18512.43;
Mali;19077.749;
Malte;426.151;
Malte;430.197;
Malte;433.559;
Malte;436.097;
Malte;437.933;
Malte;439.248;
Maroc;33715.703;
Maroc;34192.357;
Maroc;34663.603;
Maroc;35126.283;
Maroc;35581.255;
Maroc;36029.093;
Martinique;384.576;
Martinique;381.138;
Martinique;378.478;
Martinique;376.791;
Martinique;375.948;
Martinique;375.673;
Maurice;1255.452;
Maurice;1257.355;
Maurice;1259.456;
Maurice;1261.865;
Maurice;1264.499;
Maurice;1267.185;
Mauritanie;3817.494;
Mauritanie;3930.896;
Mauritanie;4046.301;
Mauritanie;4163.533;
Mauritanie;4282.57;
Mauritanie;4403.313;
Mayotte;227.378;
Mayotte;233.654;
Mayotte;240.02;
Mayotte;246.45;
Mayotte;252.957;
Mayotte;259.531;
Mexique;118827.161;
Mexique;120355.128;
Mexique;121858.258;
Mexique;123333.376;
Mexique;124777.324;
Mexique;126190.788;
Micronésie (États fédérés de);105.926;
Micronésie (États fédérés de);107.446;
Micronésie (États fédérés de);108.895;
Micronésie (États fédérés de);110.215;
Micronésie (États fédérés de);111.459;
Micronésie (États fédérés de);112.64;
Monaco;36.901;
Monaco;37.322;
Monaco;37.718;
Monaco;38.07;
Monaco;38.392;
Monaco;38.682;
Mongolie;2881.791;
Mongolie;2940.108;
Mongolie;2998.439;
Mongolie;3056.364;
Mongolie;3113.786;
Mongolie;3170.216;
Monténégro;626.345;
Monténégro;626.645;
Monténégro;626.956;
Monténégro;627.264;
Monténégro;627.563;
Monténégro;627.809;
Montserrat;4.944;
Montserrat;4.957;
Montserrat;4.967;
Montserrat;4.981;
Montserrat;4.984;
Montserrat;4.993;
Mozambique;25560.755;
Mozambique;26286.191;
Mozambique;27042.002;
Mozambique;27829.938;
Mozambique;28649.018;
Mozambique;29496.004;
Myanmar;51852.468;
Myanmar;52280.824;
Myanmar;52680.726;
Myanmar;53045.201;
Myanmar;53382.523;
Myanmar;53708.32;
Namibie;2233.508;
Namibie;2273.423;
Namibie;2314.904;
Namibie;2358.044;
Namibie;2402.633;
Namibie;2448.301;
Nauru;10.209;
Nauru;10.289;
Nauru;10.383;
Nauru;10.475;
Nauru;10.573;
Nauru;10.67;
Népal;26916.793;
Népal;26905.978;
Népal;27015.031;
Népal;27263.433;
Népal;27632.681;
Népal;28095.714;
Nicaragua;6062.457;
Nicaragua;6142.731;
Nicaragua;6223.24;
Nicaragua;6303.974;
Nicaragua;6384.846;
Nicaragua;6465.501;
Niger;18504.281;
Niger;19240.179;
Niger;20001.663;
Niger;20788.798;
Niger;21602.382;
Niger;22442.822;
Nigéria;171765.816;
Nigéria;176404.934;
Nigéria;181137.448;
Nigéria;185960.241;
Nigéria;190873.244;
Nigéria;195874.683;
Nioué;1.612;
Nioué;1.609;
Nioué;1.619;
Nioué;1.614;
Nioué;1.609;
Nioué;1.62;
Norvège;5079.455;
Norvège;5142.265;
Norvège;5199.836;
Norvège;5250.949;
Norvège;5296.326;
Norvège;5337.962;
Nouvelle-Calédonie;264.242;
Nouvelle-Calédonie;267.739;
Nouvelle-Calédonie;271.065;
Nouvelle-Calédonie;274.191;
Nouvelle-Calédonie;277.15;
Nouvelle-Calédonie;279.993;
Nouvelle-Zélande;4518.515;
Nouvelle-Zélande;4567.527;
Nouvelle-Zélande;4614.532;
Nouvelle-Zélande;4659.265;
Nouvelle-Zélande;4702.034;
Nouvelle-Zélande;4743.131;
Oman;3764.806;
Oman;4027.26;
Oman;4267.348;
Oman;4479.219;
Oman;4665.928;
Oman;4829.473;
Ouganda;35694.519;
Ouganda;36911.523;
Ouganda;38225.453;
Ouganda;39649.166;
Ouganda;41166.588;
Ouganda;42729.036;
Ouzbékistan;29932.631;
Ouzbékistan;30426.388;
Ouzbékistan;30929.557;
Ouzbékistan;31441.751;
Ouzbékistan;31959.785;
Ouzbékistan;32476.244;
Pakistan;191260.806;
Pakistan;195305.013;
Pakistan;199426.964;
Pakistan;203631.353;
Pakistan;207906.209;
Pakistan;212228.286;
Palaos;17.606;
Palaos;17.626;
Palaos;17.665;
Palaos;17.725;
Palaos;17.808;
Palaos;17.907;
Palestine;4333.523;
Palestine;4428.639;
Palestine;4529.166;
Palestine;4635.654;
Palestine;4747.227;
Palestine;4862.979;
Panama;3835.435;
Panama;3901.314;
Panama;3968.487;
Panama;4037.078;
Panama;4106.769;
Panama;4176.869;
Papouasie-Nouvelle-Guinée;7788.38;
Papouasie-Nouvelle-Guinée;7946.73;
Papouasie-Nouvelle-Guinée;8107.775;
Papouasie-Nouvelle-Guinée;8271.762;
Papouasie-Nouvelle-Guinée;8438.036;
Papouasie-Nouvelle-Guinée;8606.323;
Paraguay;6510.276;
Paraguay;6599.526;
Paraguay;6688.746;
Paraguay;6777.872;
Paraguay;6867.061;
Paraguay;6956.066;
Pays-Bas;16843.502;
Pays-Bas;16892.523;
Pays-Bas;16938.499;
Pays-Bas;16981.295;
Pays-Bas;17021.347;
Pays-Bas;17059.56;
Pérou;29773.987;
Pérou;30090.359;
Pérou;30470.734;
Pérou;30926.032;
Pérou;31444.298;
Pérou;31989.26;
Philippines;98871.555;
Philippines;100513.142;
Philippines;102113.212;
Philippines;103663.816;
Philippines;105172.925;
Philippines;106651.394;
Pologne;38158.041;
Pologne;38091.089;
Pologne;38034.079;
Pologne;37989.22;
Pologne;37953.18;
Pologne;37921.592;
Polynésie française;270.328;
Polynésie française;271.705;
Polynésie française;273.124;
Polynésie française;274.575;
Polynésie française;276.102;
Polynésie française;277.679;
Porto Rico;3503.858;
Porto Rico;3453.672;
Porto Rico;3381.518;
Porto Rico;3283.125;
Porto Rico;3163.667;
Porto Rico;3039.596;
Portugal;10473.021;
Portugal;10418.218;
Portugal;10368.351;
Portugal;10325.538;
Portugal;10288.527;
Portugal;10256.193;
Qatar;2336.574;
Qatar;2459.198;
Qatar;2565.71;
Qatar;2654.374;
Qatar;2724.728;
Qatar;2781.682;
République arabe syrienne;19578.461;
République arabe syrienne;18710.711;
République arabe syrienne;17997.408;
République arabe syrienne;17465.575;
République arabe syrienne;17095.678;
République arabe syrienne;16945.057;
République centrafricaine;4447.944;
République centrafricaine;4464.175;
République centrafricaine;4493.17;
République centrafricaine;4537.686;
République centrafricaine;4596.023;
République centrafricaine;4666.368;
République de Corée;50345.717;
République de Corée;50607.907;
République de Corée;50823.093;
République de Corée;50983.457;
République de Corée;51096.415;
République de Corée;51171.706;
République de Moldova;4074.591;
République de Moldova;4073.407;
République de Moldova;4070.7;
République de Moldova;4066.009;
République de Moldova;4059.684;
République de Moldova;4051.944;
République démocratique du Congo;71358.807;
République démocratique du Congo;73767.447;
République démocratique du Congo;76244.544;
République démocratique du Congo;78789.127;
République démocratique du Congo;81398.764;
République démocratique du Congo;84068.091;
République démocratique populaire lao;6541.304;
République démocratique populaire lao;6639.756;
République démocratique populaire lao;6741.164;
République démocratique populaire lao;6845.846;
République démocratique populaire lao;6953.035;
République démocratique populaire lao;7061.507;
République dominicaine;10048.232;
République dominicaine;10165.183;
République dominicaine;10281.68;
République dominicaine;10397.741;
République dominicaine;10513.104;
République dominicaine;10627.141;
République populaire démocratique de Corée;24929.497;
République populaire démocratique de Corée;25057.79;
République populaire démocratique de Corée;25183.833;
République populaire démocratique de Corée;25307.665;
République populaire démocratique de Corée;25429.825;
République populaire démocratique de Corée;25549.604;
République-Unie de Tanzanie;48483.129;
République-Unie de Tanzanie;49960.561;
République-Unie de Tanzanie;51482.633;
République-Unie de Tanzanie;53049.23;
République-Unie de Tanzanie;54660.339;
République-Unie de Tanzanie;56313.438;
Réunion;850.514;
Réunion;856.961;
Réunion;863.363;
Réunion;869.743;
Réunion;876.134;
Réunion;882.526;
Roumanie;20132.776;
Roumanie;20035.93;
Roumanie;19925.175;
Roumanie;19796.285;
Roumanie;19653.969;
Roumanie;19506.114;
Royaume-Uni de Grande-Bretagne et d'Irlande du Nord;64984.018;
Royaume-Uni de Grande-Bretagne et d'Irlande du Nord;65423.047;
Royaume-Uni de Grande-Bretagne et d'Irlande du Nord;65860.146;
Royaume-Uni de Grande-Bretagne et d'Irlande du Nord;66297.944;
Royaume-Uni de Grande-Bretagne et d'Irlande du Nord;66727.461;
Royaume-Uni de Grande-Bretagne et d'Irlande du Nord;67141.684;
Rwanda;10811.538;
Rwanda;11083.63;
Rwanda;11369.071;
Rwanda;11668.827;
Rwanda;11980.961;
Rwanda;12301.97;
Sahara occidental;504.858;
Sahara occidental;514.995;
Sahara occidental;526.216;
Sahara occidental;538.749;
Sahara occidental;552.615;
Sahara occidental;567.402;
Saint-Barthélemy;9.537;
Saint-Barthélemy;9.623;
Saint-Barthélemy;9.693;
Saint-Barthélemy;9.748;
Saint-Barthélemy;9.784;
Saint-Barthélemy;9.816;
Ascension et Tristan da Cunha Sainte-Hélène;2013;5.584
Ascension et Tristan da Cunha Sainte-Hélène;2014;5.739
Ascension et Tristan da Cunha Sainte-Hélène;2015;5.865
Ascension et Tristan da Cunha Sainte-Hélène;2016;5.956
Ascension et Tristan da Cunha Sainte-Hélène;2017;6.008
Ascension et Tristan da Cunha Sainte-Hélène;2018;6.035
Sainte-Lucie;2013;177.513
Sainte-Lucie;2014;178.296
Sainte-Lucie;2015;179.126
Sainte-Lucie;2016;180.024
Sainte-Lucie;2017;180.954
Sainte-Lucie;2018;181.889
Saint-Kitts-et-Nevis;2013;50.331
Saint-Kitts-et-Nevis;2014;50.774
Saint-Kitts-et-Nevis;2015;51.203
Saint-Kitts-et-Nevis;2016;51.625
Saint-Kitts-et-Nevis;2017;52.045
Saint-Kitts-et-Nevis;2018;52.441
Saint-Marin;2013;32.553
Saint-Marin;2014;32.948
Saint-Marin;2015;33.272
Saint-Marin;2016;33.504
Saint-Marin;2017;33.671
Saint-Marin;2018;33.785
Saint-Martin (partie française);2013;36.453
Saint-Martin (partie française);2014;36.015
Saint-Martin (partie française);2015;35.858
Saint-Martin (partie française);2016;36.065
Saint-Martin (partie française);2017;36.56
Saint-Martin (partie française);2018;37.264
Saint-Pierre-et-Miquelon;2013;6.173
Saint-Pierre-et-Miquelon;2014;6.075
Saint-Pierre-et-Miquelon;2015;5.993
Saint-Pierre-et-Miquelon;2016;5.934
Saint-Pierre-et-Miquelon;2017;5.887
Saint-Pierre-et-Miquelon;2018;5.849
Saint-Siège;2013;0.801
Saint-Siège;2014;0.8
Saint-Siège;2015;0.803
Saint-Siège;2016;0.801
Saint-Siège;2017;0.793
Saint-Siège;2018;0.801
Saint-Vincent-et-les Grenadines;2013;108.622
Saint-Vincent-et-les Grenadines;2014;108.861
Saint-Vincent-et-les Grenadines;2015;109.148
Saint-Vincent-et-les Grenadines;2016;109.459
Saint-Vincent-et-les Grenadines;2017;109.827
Saint-Vincent-et-les Grenadines;2018;110.211
Samoa;2013;190.718
Samoa;2014;192.221
Samoa;2015;193.513
Samoa;2016;194.535
Samoa;2017;195.352
Samoa;2018;196.129
Samoa américaines;2013;55.713
Samoa américaines;2014;55.791
Samoa américaines;2015;55.812
Samoa américaines;2016;55.741
Samoa américaines;2017;55.62
Samoa américaines;2018;55.465
Sao Tomé-et-Principe;2013;192.087
Sao Tomé-et-Principe;2014;195.727
Sao Tomé-et-Principe;2015;199.432
Sao Tomé-et-Principe;2016;203.227
Sao Tomé-et-Principe;2017;207.089
Sao Tomé-et-Principe;2018;211.028
Sénégal;2013;13782.424
Sénégal;2014;14174.739
Sénégal;2015;14578.459
Sénégal;2016;14993.519
Sénégal;2017;15419.355
Sénégal;2018;15854.323
Serbie;2013;8918.904
Serbie;2014;8898.289
Serbie;2015;8876.777
Serbie;2016;8853.963
Serbie;2017;8829.628
Serbie;2018;8802.754
Seychelles;2013;93.395
Seychelles;2014;94.215
Seychelles;2015;94.978
Seychelles;2016;95.71
Seychelles;2017;96.418
Seychelles;2018;97.096
Sierra Leone;2013;6863.981
Sierra Leone;2014;7017.148
Sierra Leone;2015;7171.914
Sierra Leone;2016;7328.834
Sierra Leone;2017;7488.423
Sierra Leone;2018;7650.15
Singapour;2013;5453.737
Singapour;2014;5525.626
Singapour;2015;5592.152
Singapour;2016;5653.634
Singapour;2017;5708.041
Singapour;2018;5757.499
Sint Maarten  (partie néerlandaise);2013;37.583
Sint Maarten  (partie néerlandaise);2014;38.876
Sint Maarten  (partie néerlandaise);2015;39.968
Sint Maarten  (partie néerlandaise);2016;40.808
Sint Maarten  (partie néerlandaise);2017;41.444
Sint Maarten  (partie néerlandaise);2018;41.94
Slovaquie;2013;5421.725
Slovaquie;2014;5428.803
Slovaquie;2015;5435.611
Slovaquie;2016;5442.003
Slovaquie;2017;5447.9
Slovaquie;2018;5453.014
Slovénie;2013;2063.11
Slovénie;2014;2067.488
Slovénie;2015;2071.199
Slovénie;2016;2074.21
Slovénie;2017;2076.394
Slovénie;2018;2077.837
Somalie;2013;13063.701
Somalie;2014;13423.568
Somalie;2015;13797.201
Somalie;2016;14185.636
Somalie;2017;14589.179
Somalie;2018;15008.226
Soudan;2013;37072.55
Soudan;2014;37977.655
Soudan;2015;38902.95
Soudan;2016;39847.439
Soudan;2017;40813.397
Soudan;2018;41801.533
Soudan du Sud;2013;10355.035
Soudan du Sud;2014;10554.88
Soudan du Sud;2015;10715.658
Soudan du Sud;2016;10832.518
Soudan du Sud;2017;10910.763
Soudan du Sud;2018;10975.927
Sri Lanka;2013;20663.046
Sri Lanka;2014;20788.511
Sri Lanka;2015;20908.027
Sri Lanka;2016;21021.171
Sri Lanka;2017;21128.032
Sri Lanka;2018;21228.763
Suède;2013;9618.016
Suède;2014;9692.131
Suède;2015;9764.95
Suède;2016;9836.007
Suède;2017;9904.896
Suède;2018;9971.638
Suisse;2013;8108.878
Suisse;2014;8206.002
Suisse;2015;8296.775
Suisse;2016;8379.917
Suisse;2017;8455.804
Suisse;2018;8525.611
Suriname;2013;547.291
Suriname;2014;553.273
Suriname;2015;559.143
Suriname;2016;564.888
Suriname;2017;570.496
Suriname;2018;575.99
Tadjikistan;2013;8059.769
Tadjikistan;2014;8252.833
Tadjikistan;2015;8454.028
Tadjikistan;2016;8663.579
Tadjikistan;2017;8880.268
Tadjikistan;2018;9100.835
Tchad;2013;13220.433
Tchad;2014;13663.566
Tchad;2015;14110.975
Tchad;2016;14561.66
Tchad;2017;15016.753
Tchad;2018;15477.729
Tchéquie;2013;10586.533
Tchéquie;2014;10591.108
Tchéquie;2015;10601.397
Tchéquie;2016;10618.857
Tchéquie;2017;10641.034
Tchéquie;2018;10665.677
Thaïlande;2013;68144.518
Thaïlande;2014;68438.746
Thaïlande;2015;68714.511
Thaïlande;2016;68971.308
Thaïlande;2017;69209.81
Thaïlande;2018;69428.453
Timor-Leste;2013;1153.294
Timor-Leste;2014;1174.331
Timor-Leste;2015;1196.302
Timor-Leste;2016;1219.288
Timor-Leste;2017;1243.258
Timor-Leste;2018;1267.974
Togo;2013;6954.722
Togo;2014;7138
Togo;2015;7323.158
Togo;2016;7509.951
Togo;2017;7698.474
Togo;2018;7889.093
Tokélaou;2013;1.187
Tokélaou;2014;1.219
Tokélaou;2015;1.252
Tokélaou;2016;1.282
Tokélaou;2017;1.3
Tokélaou;2018;1.319
Tonga;2013;101.768
Tonga;2014;101.028
Tonga;2015;100.781
Tonga;2016;101.133
Tonga;2017;101.998
Tonga;2018;103.197
Trinité-et-Tobago;2013;1353.703
Trinité-et-Tobago;2014;1362.345
Trinité-et-Tobago;2015;1370.328
Trinité-et-Tobago;2016;1377.56
Trinité-et-Tobago;2017;1384.059
Trinité-et-Tobago;2018;1389.843
Tunisie;2013;10952.951
Tunisie;2014;11063.201
Tunisie;2015;11179.949
Tunisie;2016;11303.945
Tunisie;2017;11433.443
Tunisie;2018;11565.201
Turkménistan;2013;5366.378
Turkménistan;2014;5466.328
Turkménistan;2015;5565.287
Turkménistan;2016;5662.368
Turkménistan;2017;5757.667
Turkménistan;2018;5850.901
Turquie;2013;75925.462
Turquie;2014;77229.256
Turquie;2015;78529.409
Turquie;2016;79827.871
Turquie;2017;81116.45
Turquie;2018;82340.088
Tuvalu;2013;10.857
Tuvalu;2014;10.972
Tuvalu;2015;11.099
Tuvalu;2016;11.225
Tuvalu;2017;11.37
Tuvalu;2018;11.508
Ukraine;2013;45286.983
Ukraine;2014;45111.532
Ukraine;2015;44921.639
Ukraine;2016;44713.702
Ukraine;2017;44487.709
Ukraine;2018;44246.156
Uruguay;2013;3389.443
Uruguay;2014;3400.436
Uruguay;2015;3412.009
Uruguay;2016;3424.129
Uruguay;2017;3436.641
Uruguay;2018;3449.285
Vanuatu;2013;256.635
Vanuatu;2014;263.888
Vanuatu;2015;271.13
Vanuatu;2016;278.33
Vanuatu;2017;285.51
Vanuatu;2018;292.68
Venezuela (République bolivarienne du);2013;29781.04
Venezuela (République bolivarienne du);2014;30042.968
Venezuela (République bolivarienne du);2015;30081.829
Venezuela (République bolivarienne du);2016;29851.255
Venezuela (République bolivarienne du);2017;29402.484
Venezuela (République bolivarienne du);2018;28887.118
Viet Nam;2013;90752.592
Viet Nam;2014;91713.848
Viet Nam;2015;92677.076
Viet Nam;2016;93640.422
Viet Nam;2017;94600.648
Viet Nam;2018;95545.962
Yémen;2013;25147.109
Yémen;2014;25823.485
Yémen;2015;26497.889
Yémen;2016;27168.208
Yémen;2017;27834.819
Yémen;2018;28498.683
Zambie;2013;14926.544
Zambie;2014;15399.788
Zambie;2015;15879.361
Zambie;2016;16363.458
Zambie;2017;16853.599
Zambie;2018;17351.708
Zimbabwe;2013;13350.373
Zimbabwe;2014;13586.707
Zimbabwe;2015;13814.629
Zimbabwe;2016;14030.331
Zimbabwe;2017;14236.595
Zimbabwe;2018;14438.802
